{
  "hash": "b8c0be2b",
  "browserHash": "7e336c28",
  "optimized": {
    "@angular/common": {
      "src": "../../../../../node_modules/@angular/common/fesm2022/common.mjs",
      "file": "@angular_common.js",
      "fileHash": "282471ea",
      "needsInterop": false
    },
    "@angular/core": {
      "src": "../../../../../node_modules/@angular/core/fesm2022/core.mjs",
      "file": "@angular_core.js",
      "fileHash": "c143e013",
      "needsInterop": false
    },
    "@angular/platform-browser": {
      "src": "../../../../../node_modules/@angular/platform-browser/fesm2022/platform-browser.mjs",
      "file": "@angular_platform-browser.js",
      "fileHash": "b4203320",
      "needsInterop": false
    },
    "@angular/router": {
      "src": "../../../../../node_modules/@angular/router/fesm2022/router.mjs",
      "file": "@angular_router.js",
      "fileHash": "1cc0fff1",
      "needsInterop": false
    },
    "@angular/forms": {
      "src": "../../../../../node_modules/@angular/forms/fesm2022/forms.mjs",
      "file": "@angular_forms.js",
      "fileHash": "5d6a14ba",
      "needsInterop": false
    }
  },
  "chunks": {
    "chunk-CUDF46GH": {
      "file": "chunk-CUDF46GH.js"
    },
    "chunk-R52GMMSE": {
      "file": "chunk-R52GMMSE.js"
    },
    "chunk-PNGLU4PE": {
      "file": "chunk-PNGLU4PE.js"
    }
  }
}