{
  "hash": "b3d85843",
  "browserHash": "536e6c9b",
  "optimized": {
    "@angular/common": {
      "src": "../../../../../node_modules/@angular/common/fesm2022/common.mjs",
      "file": "@angular_common.js",
      "fileHash": "2b7dbb51",
      "needsInterop": false
    },
    "@angular/core": {
      "src": "../../../../../node_modules/@angular/core/fesm2022/core.mjs",
      "file": "@angular_core.js",
      "fileHash": "eea7783b",
      "needsInterop": false
    },
    "@angular/platform-browser": {
      "src": "../../../../../node_modules/@angular/platform-browser/fesm2022/platform-browser.mjs",
      "file": "@angular_platform-browser.js",
      "fileHash": "fa434885",
      "needsInterop": false
    },
    "@angular/router": {
      "src": "../../../../../node_modules/@angular/router/fesm2022/router.mjs",
      "file": "@angular_router.js",
      "fileHash": "92c80ff7",
      "needsInterop": false
    }
  },
  "chunks": {
    "chunk-NUIFYEZL": {
      "file": "chunk-NUIFYEZL.js"
    },
    "chunk-O6BBRG7T": {
      "file": "chunk-O6BBRG7T.js"
    },
    "chunk-Z2YNC7HK": {
      "file": "chunk-Z2YNC7HK.js"
    }
  }
}